URL,Last crawled
https://doctorbd24.com/doctor/prof-dr-syed-ghulam-mogni-mowla-2377,2026-04-11
https://doctorbd24.com/doctor/prof-dr-md-enamul-haque-khan,2026-04-11
https://doctorbd24.com/ambulance/এ্যাম্বুলেন্স-সার্ভিস-জা/,2026-04-11
https://doctorbd24.com/tag/চিয়া-সিড-খাওয়ার-পরিমাণ/,2026-04-11
https://doctorbd24.com/tag/চিয়া-সিড-বাংলা-নাম/,2026-04-11
https://doctorbd24.com/best-dental-clinic-in-dhaka/,2026-04-11
https://doctorbd24.com/hospital-category/dental-clinics/,2026-04-11
https://doctorbd24.com/home/,2026-04-11
https://doctorbd24.com/ambulance/জামালপুর-মমিন-এ্যাম্বুলে/,2026-04-10
https://doctorbd24.com/hospital_tag/ধানমন্ডি-পপুলার-ডায়াগনস/,2026-04-10
https://doctorbd24.com/doctor/prof-dr-bolai-chondro-sarker-evening,2026-04-10
https://doctorbd24.com/doctor/prof-dr-md-rais-uddin,2026-04-10
https://doctorbd24.com/doctor/dr-sudhanshu-kumar-saha,2026-04-10
https://doctorbd24.com/doctor/prof-dr-nasir-uddin-mahmud-7232,2026-04-10
https://doctorbd24.com/doctor/dr-samir-gopal-dey,2026-04-10
https://doctorbd24.com/tag/chia-seeds-upokarita/,2026-04-10
https://doctorbd24.com/hospital_tag/popular-hospital-dhaka-hotline-number/,2026-04-10
https://doctorbd24.com/speciality/sexual-medicine-specialist/,2026-04-10
https://doctorbd24.com/category/shashkosto-shomporke-janun/,2026-04-10
https://doctorbd24.com/hospital_tag/gazipur-popular-doctor-list/,2026-04-10
https://doctorbd24.com/doctor/prof-dr-ahmed-raquib-spec,2026-04-10
https://doctorbd24.com/doctor/dr-md-rubayet-maruf-5137,2026-04-10
https://doctorbd24.com/doctor/prof-dr-shahi-farzana-tasmin-morning,2026-04-10
https://doctorbd24.com/doctor/dr-dmm-faruque-osmany,2026-04-10
https://doctorbd24.com/doctor/prof-dr-nupur-kar-3416,2026-04-10
https://doctorbd24.com/doctor/dr-s-m-golam-mowla,2026-04-10
https://doctorbd24.com/doctor/prof-dr-m-nazrul-islam-7368,2026-04-10
https://doctorbd24.com/doctor/dr-laila-areju-man-banu,2026-04-10
https://doctorbd24.com/doctor/dr-syed-farhan-ali-razib,2026-04-10
https://doctorbd24.com/doctor/prof-dr-md-moajjam-hossain-talukder,2026-04-10
https://doctorbd24.com/doctor/dr-dibakar-sarkar-orthopaedic-surgery,2026-04-10
https://doctorbd24.com/doctor/dr-nripen-kumar-kundu-7440,2026-04-10
https://doctorbd24.com/doctor/dr-mithun-chakrabarty,2026-04-10
https://doctorbd24.com/doctor/dr-md-wali-uddin-masud,2026-04-10
https://doctorbd24.com/doctor/dr-tanveer-rahman-rashed,2026-04-10
https://doctorbd24.com/doctor/prof-dr-m-g-azam,2026-04-10
https://doctorbd24.com/doctor/prof-dr-mohammod-mahbub-alam-ent-head-neck-surgery,2026-04-10
https://doctorbd24.com/doctor/prof-dr-md-rafiqul-islam-neuro-surgery,2026-04-10
https://doctorbd24.com/doctor/prof-dr-anm-nurul-haque-bhuyian-evening-childpaediatric,2026-04-10
https://doctorbd24.com/doctor/dr-d-m-shainuzzaman,2026-04-10
https://doctorbd24.com/doctor/prof-dr-shirin-akhter,2026-04-10
https://doctorbd24.com/doctor/dr-md-nafis-areefin,2026-04-10
https://doctorbd24.com/doctor/prof-dr-shyamal-debnath-5017,2026-04-10
https://doctorbd24.com/doctor/dr-md-akimul-islam-mohon,2026-04-10
https://doctorbd24.com/doctor/dr-hasina-sadia-khan-1171,2026-04-10
https://doctorbd24.com/doctor/prof-dr-ershadul-haque-5840,2026-04-10
https://doctorbd24.com/doctor/prof-dr-ahmed-hossain-2696,2026-04-10
https://doctorbd24.com/doctor/dr-azim-anwar,2026-04-10
https://doctorbd24.com/doctor/dr-akm-shahinur-rahman,2026-04-10
https://doctorbd24.com/doctor/prof-dr-pc-biswas,2026-04-10
https://doctorbd24.com/doctor/dr-minhazul-absar-minhaz,2026-04-10
https://doctorbd24.com/doctor/prof-dr-abm-yunus-haematology,2026-04-10
https://doctorbd24.com/doctor/dr-ismat-jahan-2628,2026-04-10
https://doctorbd24.com/doctor/dr-md-masum-9333,2026-04-10
https://doctorbd24.com/doctor/dr-raisul-alam-shuvo,2026-04-10
https://doctorbd24.com/doctor/profdrkazi-abdullah-al-mamun,2026-04-10
https://doctorbd24.com/doctor/dr-raihana-islam,2026-04-10
https://doctorbd24.com/doctor/dr-md-saidur-rahman,2026-04-10
https://doctorbd24.com/doctor/dr-sanjit-kumar-banik,2026-04-10
https://doctorbd24.com/doctor/prof-dr-shafayat-hasan-mazumder,2026-04-10
https://doctorbd24.com/doctor/dr-md-ali-faisal-liton-3309,2026-04-10
https://doctorbd24.com/doctor/prof-dr-md-aref-rahman-7132,2026-04-10
https://doctorbd24.com/doctor/dr-amit-kumar-devnath-6063,2026-04-10
https://doctorbd24.com/doctor/dr-arpan-das,2026-04-10
https://doctorbd24.com/doctor/prof-dr-md-mobasser-ur-rahman,2026-04-10
https://doctorbd24.com/doctor/dr-md-shahidul-islam-orthopaedic-surgery,2026-04-10
https://doctorbd24.com/doctor/drfariza-adnan-upama,2026-04-10
https://doctorbd24.com/doctor/dr-md-abdur-razzak-4313,2026-04-10
https://doctorbd24.com/doctor/dr-narayan-dhar,2026-04-10
https://doctorbd24.com/doctor/prof-dr-col-jesmin-akhter,2026-04-10
https://doctorbd24.com/doctor/prof-dr-md-titu-miah-morning,2026-04-10
https://doctorbd24.com/doctor/prof-dr-m-a-mohit-kamal,2026-04-10
https://doctorbd24.com/doctor/prof-dr-nelema-jahan,2026-04-10
https://doctorbd24.com/doctor/drshahanaz-chawdhury,2026-04-10
https://doctorbd24.com/doctor/prof-dr-shamsun-nahar-lucky,2026-04-10
https://doctorbd24.com/doctor/dr-mahammad-selim-uddin,2026-04-10
https://doctorbd24.com/doctor/dr-ahmed-monirul-hoque-9679,2026-04-10
https://doctorbd24.com/doctor/prof-dr-md-abdul-baset,2026-04-10
https://doctorbd24.com/doctor/prof-dr-md-abu-yusuf-fakir-2354,2026-04-10
https://doctorbd24.com/doctor/dr-kamruzzaman-bhuiyan-kamrul,2026-04-10
https://doctorbd24.com/doctor/dr-zeenat-rehena-jharna,2026-04-10
https://doctorbd24.com/doctor/dr-iftekhar-ibne-mannan-5781,2026-04-10
https://doctorbd24.com/doctor/dr-faria-afsana-5409,2026-04-10
https://doctorbd24.com/doctor/dr-hosneara-sonia,2026-04-10
https://doctorbd24.com/doctor/drtanzina-begum-chowdhury,2026-04-10
https://doctorbd24.com/doctor/drismat-ara,2026-04-10
https://doctorbd24.com/doctor/dr-bm-shahin,2026-04-10
https://doctorbd24.com/doctor/prof-dr-nilufar-nasrin-ava,2026-04-10
https://doctorbd24.com/doctor/dr-julan-barua-7333,2026-04-09
https://doctorbd24.com/doctor/dr-ahsan-uddin-mahmud-munna,2026-04-09
https://doctorbd24.com/doctor/dr-sabbir-ahmed-dhali-3351,2026-04-09
https://doctorbd24.com/doctor/dr-m-a-kashem-5560,2026-04-09
https://doctorbd24.com/doctor/dr-uzzal-kanti-das,2026-04-09
https://doctorbd24.com/doctor/prof-dr-faruque-ahmed-online,2026-04-09
https://doctorbd24.com/doctor/prof-dr-chitta-ranjan-debnath-2398,2026-04-09
https://doctorbd24.com/doctor/prof-dr-sanjoy-kumar-saha-morning-medicine,2026-04-09
https://doctorbd24.com/doctor/prof-dr-sehelly-jahan-9008,2026-04-09
https://doctorbd24.com/doctor/prof-dr-ma-momen-khan,2026-04-09
https://doctorbd24.com/doctor/prof-dr-kazi-a-karim-9218,2026-04-09
https://doctorbd24.com/doctor/prof-dr-tapan-kumar-saha-8907,2026-04-09
https://doctorbd24.com/doctor/prof-dr-md-toufiqur-rahman-faruque,2026-04-09
https://doctorbd24.com/doctor/prof-dr-s-m-ali-haider,2026-04-09
https://doctorbd24.com/doctor/dr-mohammad-jahangir-alam-5503,2026-04-09
https://doctorbd24.com/doctor/prof-dr-a-k-moyeenuddin-ahmed,2026-04-09
https://doctorbd24.com/doctor/prof-dr-ak-basak,2026-04-09
https://doctorbd24.com/doctor/dr-md-saleh-uddin-mahmood-tusher,2026-04-09
https://doctorbd24.com/doctor/prof-dr-emdadul-haque,2026-04-09
https://doctorbd24.com/doctor/prof-dr-syed-mahbub-alam,2026-04-09
https://doctorbd24.com/doctor/dr-mostafa-kamal-arefin-friday,2026-04-09
https://doctorbd24.com/doctor/dr-sarwar-ahmed-sobhan-8578,2026-04-09
https://doctorbd24.com/doctor/dr-zeenat-faruquey,2026-04-09
https://doctorbd24.com/doctor/dr-mdtashfic-ahmed,2026-04-09
https://doctorbd24.com/doctor/prof-dr-sudip-das-gupta-7567,2026-04-09
https://doctorbd24.com/doctor/prof-dr-md-rafiqul-islam-morning,2026-04-09
https://doctorbd24.com/doctor/dra-s-m-shahoriar,2026-04-09
https://doctorbd24.com/doctor/prof-dr-n-k-majumder,2026-04-09
https://doctorbd24.com/doctor/dr-rezaur-rahman,2026-04-09
https://doctorbd24.com/doctor/dr-indrojit-kumar-kundu-6150,2026-04-09
https://doctorbd24.com/doctor/prof-dr-rashimul-haque-rimon-3489,2026-04-09
https://doctorbd24.com/doctor/dr-mohit-kumar-pramanik,2026-04-09
https://doctorbd24.com/doctor/dr-mashiur-rahman,2026-04-09
https://doctorbd24.com/doctor/dr-farjana-basher-shilpi,2026-04-09
https://doctorbd24.com/doctor/dr-md-akimul-islam-mohon-3482,2026-04-09
https://doctorbd24.com/doctor/prof-dr-khandaker-qamrul-islam-2460,2026-04-09
https://doctorbd24.com/doctor/dr-rajib-karmoker,2026-04-09
https://doctorbd24.com/doctor/prof-dr-mrs-shahin-rahman-chowdhury,2026-04-09
https://doctorbd24.com/doctor/prof-dr-nihar-ranjan-sarker-8601,2026-04-09
https://doctorbd24.com/doctor/dr-farhana-haque-8139,2026-04-09
https://doctorbd24.com/doctor/dr-mir-rasekh-alam-ovi-3094,2026-04-09
https://doctorbd24.com/doctor/prof-dr-kazi-shamim-uzzaman,2026-04-09
https://doctorbd24.com/doctor/prof-maj-gen-dr-ali-akbar,2026-04-09
https://doctorbd24.com/doctor/prof-dr-neaz-t-parveen-6109,2026-04-09
https://doctorbd24.com/doctor/dr-tahmina-dewan,2026-04-09
https://doctorbd24.com/doctor/dr-farhad-ahmed,2026-04-09
https://doctorbd24.com/doctor/prof-dr-nazmul-huda-sumon,2026-04-09
https://doctorbd24.com/doctor/dr-md-zahedur-rahman-4527,2026-04-09
https://doctorbd24.com/doctor/prof-maj-rtd-dr-md-shahidullah,2026-04-09
https://doctorbd24.com/doctor/drmd-monjur-rashid,2026-04-09
https://doctorbd24.com/doctor/dr-s-saha-manosh,2026-04-09
https://doctorbd24.com/doctor/dr-anica-rahat,2026-04-09
https://doctorbd24.com/doctor/dr-mostafa-kamal-arefin-4300,2026-04-09
https://doctorbd24.com/doctor/prof-dr-md-abdus-sabur,2026-04-09
https://doctorbd24.com/doctor/dr-noor-mohammed,2026-04-09
https://doctorbd24.com/doctor/prof-dr-abu-hena-mostafa-kamal-9969,2026-04-09
https://doctorbd24.com/doctor/prof-dr-mekhala-sarkar,2026-04-09
https://doctorbd24.com/doctor/dr-farjana-najnin-ripa,2026-04-09
https://doctorbd24.com/doctor/dr-shibendu-mistry-3943,2026-04-09
https://doctorbd24.com/doctor/prof-dr-begum-nasrin-kiron,2026-04-09
https://doctorbd24.com/doctor/drmdmizanur-rahman,2026-04-09
https://doctorbd24.com/doctor/drmd-ekramul-reza,2026-04-09
https://doctorbd24.com/doctor/dr-mahmud-h-ibrahim-8786,2026-04-09
https://doctorbd24.com/doctor/dr-shahin-ibn-rahman,2026-04-09
https://doctorbd24.com/doctor/dr-shagorika-sharmeen-sagor,2026-04-09
https://doctorbd24.com/doctor/prof-dr-abdullah-alamgir,2026-04-09
https://doctorbd24.com/doctor/dr-chitta-ranjan-paul-8150,2026-04-09
https://doctorbd24.com/doctor/dr-sheikh-md-noor-e-alam-dew,2026-04-09
https://doctorbd24.com/doctor/dr-suman-chandra-saha,2026-04-09
https://doctorbd24.com/doctor/prof-dr-jabed-akhtar,2026-04-09
https://doctorbd24.com/doctor/profdrsheikh-hasanur-rahman,2026-04-09
https://doctorbd24.com/doctor/dr-farjana-tanni,2026-04-09
https://doctorbd24.com/doctor/dr-ashis-saha,2026-04-09
https://doctorbd24.com/doctor/profdr-abul-kalam-azad,2026-04-09
https://doctorbd24.com/doctor/prof-dr-bk-biswas-4536,2026-04-09
https://doctorbd24.com/doctor/prof-dr-kanuj-kumar-barman-6089,2026-04-09
https://doctorbd24.com/doctor/prof-dr-naseem-akhter-chowdhury-2431,2026-04-09
https://doctorbd24.com/doctor/dr-asso-prof-rabiul-karim,2026-04-09
https://doctorbd24.com/doctor/prof-dr-asm-kamrul-hasan-neurology,2026-04-09
https://doctorbd24.com/doctor/prof-dr-jahidur-rahman,2026-04-09
https://doctorbd24.com/doctor/prof-dr-golam-faruque-1110,2026-04-09
https://doctorbd24.com/doctor/dr-mohammad-kamruzzaman-rubel-9716,2026-04-09
https://doctorbd24.com/doctor/dr-nitai-prasad-dutta-9518,2026-04-09
https://doctorbd24.com/doctor/prof-dr-mahbuba-akter,2026-04-09
https://doctorbd24.com/doctor/dr-gopal-chandra-sarkar,2026-04-09
https://doctorbd24.com/doctor/prof-dr-jahangir-alam-6456,2026-04-09
https://doctorbd24.com/doctor/prof-dr-swapan-kumar-bhowmik-roy-9621,2026-04-09
https://doctorbd24.com/doctor/prof-dr-nupur-kar,2026-04-09
https://doctorbd24.com/doctor/dr-md-abu-hena-mostofa-neuro-surgery,2026-04-09
https://doctorbd24.com/doctor/prof-dr-shamim-ahmed-7220,2026-04-09
https://doctorbd24.com/doctor/prof-tarek-mahmood,2026-04-09
https://doctorbd24.com/doctor/dr-syed-selim-sarwar-5419,2026-04-09
https://doctorbd24.com/doctor/prof-dr-sultana-algin-7446,2026-04-09
https://doctorbd24.com/doctor/prof-dr-moklasur-rahman-mukul,2026-04-09
https://doctorbd24.com/doctor/prof-dr-ashis-kumar-ghosh,2026-04-09
https://doctorbd24.com/doctor/prof-dr-atm-ataur-rahman-hiron,2026-04-09
https://doctorbd24.com/doctor/dr-md-abu-jafar,2026-04-09
https://doctorbd24.com/doctor/dr-afrina-akter-sriti-cardiology,2026-04-09
https://doctorbd24.com/doctor/drmd-robiul-karim,2026-04-09
https://doctorbd24.com/doctor/dr-sohely-akter-1768,2026-04-09
https://doctorbd24.com/doctor/dr-rezwanul-quader,2026-04-09
https://doctorbd24.com/doctor/prof-dr-sayeba-akhter-4858,2026-04-09
https://doctorbd24.com/doctor/prof-dr-bashir-ahmed-8023,2026-04-09
https://doctorbd24.com/doctor/prof-dr-md-shamsul-haque-3399,2026-04-09
https://doctorbd24.com/doctor/dr-subrata-podder-chayan,2026-04-09
https://doctorbd24.com/doctor/prof-dr-md-faizul-islam-chowdhury-6667,2026-04-09
https://doctorbd24.com/doctor/prof-dr-kc-ganguly,2026-04-09
https://doctorbd24.com/doctor/dr-bishojit-mondal-1673,2026-04-09
https://doctorbd24.com/doctor/dr-md-salahuddin-kabir-anik,2026-04-09
https://doctorbd24.com/doctor/dr-mohammad-asaduzzaman-alo,2026-04-09
https://doctorbd24.com/doctor/dr-zakia-sultana-chowdhury,2026-04-09
https://doctorbd24.com/doctor/dr-abdul-jabbar-zibon,2026-04-09
https://doctorbd24.com/doctor/prof-dr-anm-nurul-haque-bhuyian-morning-childpaediatric,2026-04-09
https://doctorbd24.com/doctor/prof-brig-gen-abdur-rahman-mollah-2800,2026-04-09
https://doctorbd24.com/doctor/prof-dr-aftab-u-ahmed-evening,2026-04-09
https://doctorbd24.com/doctor/prof-dr-kh-md-rayhan-hossain-paediatric-surgery,2026-04-09
https://doctorbd24.com/doctor/dr-sm-golam-sarwar-chest-medicine,2026-04-09
https://doctorbd24.com/doctor/dr-md-saifur-rahman-2649,2026-04-09
https://doctorbd24.com/doctor/dr-sarwar-hossain-khan-shuvo,2026-04-09
https://doctorbd24.com/doctor/prof-dr-md-yeakub-ali,2026-04-09
https://doctorbd24.com/doctor/dr-nilufar-yeasmin,2026-04-09
https://doctorbd24.com/doctor/prof-dr-m-a-rahim,2026-04-09
https://doctorbd24.com/doctor/dr-tanuva-chanda,2026-04-09
https://doctorbd24.com/doctor/dr-israt-jahan-orin,2026-04-09
https://doctorbd24.com/doctor/dr-golam-fahad-buiyan,2026-04-09
https://doctorbd24.com/doctor/dr-md-al-mahmud-8693,2026-04-09
https://doctorbd24.com/doctor/drarjuda-ahamed-spec,2026-04-09
https://doctorbd24.com/doctor/prof-dr-mostafa-alim,2026-04-09
https://doctorbd24.com/doctor/dr-md-selim-morshed-suvo-7631,2026-04-09
https://doctorbd24.com/doctor/dr-debashish-dhar,2026-04-09
https://doctorbd24.com/doctor/drjahan-ara,2026-04-09
https://doctorbd24.com/doctor/prof-dr-belayet-hossain-6474,2026-04-09
https://doctorbd24.com/doctor/prof-dr-ma-malek-murad-orthopaedic-surgery,2026-04-09
https://doctorbd24.com/doctor/dr-kanta-das,2026-04-09
https://doctorbd24.com/doctor/prof-dr-n-c-nath-7479,2026-04-09
https://doctorbd24.com/doctor/dr-imtiaz-hasan-8257,2026-04-09
https://doctorbd24.com/doctor/prof-dr-kd-chakrobartti-kripa,2026-04-09
https://doctorbd24.com/doctor/profdr-samir-kumar-talukdar,2026-04-09
https://doctorbd24.com/doctor/prof-dr-khan-abul-kalam-azad-1450,2026-04-09
https://doctorbd24.com/doctor/dr-deen-mohammad-khan,2026-04-09
https://doctorbd24.com/doctor/prof-dr-aziza-begum-lucy-2565,2026-04-09
https://doctorbd24.com/doctor/dr-md-armanul-islam-7640,2026-04-09
https://doctorbd24.com/doctor/dr-md-zahid-iqbal-shimul,2026-04-09
https://doctorbd24.com/doctor/prof-dr-farzana-rahman-chowdhury-spec,2026-04-09
https://doctorbd24.com/doctor/profdr-naznin-rashid-shewly,2026-04-09
https://doctorbd24.com/doctor/dr-ranjit-kumar-ghosh,2026-04-09
https://doctorbd24.com/doctor/prof-dr-md-zahir-uddin,2026-04-09
https://doctorbd24.com/doctor/dr-md-rafiqul-islam-1171,2026-04-09
https://doctorbd24.com/doctor/prof-dr-olia-sharmin,2026-04-09
https://doctorbd24.com/doctor/dr-md-tahsin-salam-6501,2026-04-09
https://doctorbd24.com/doctor/dr-md-alauddin-1842,2026-04-09
https://doctorbd24.com/doctor/prof-dr-kabir-ahmed,2026-04-09
https://doctorbd24.com/doctor/prof-dr-raihan-rotap-khan,2026-04-09
https://doctorbd24.com/doctor/prof-dr-sharmina-yeasmin,2026-04-09
https://doctorbd24.com/doctor/prof-dr-md-rafiqul-mowla,2026-04-09
https://doctorbd24.com/doctor/dr-sheikh-md-rezwan-morning,2026-04-09
https://doctorbd24.com/doctor/dr-md-nurul-akther-chowdhury-5696,2026-04-09
https://doctorbd24.com/doctor/dr-kumar-tansen-gynaecology,2026-04-09
https://doctorbd24.com/doctor/dr-snigdha-chakrabarty,2026-04-09
https://doctorbd24.com/doctor/drmdmirajul-hasan,2026-04-09
https://doctorbd24.com/doctor/prof-dr-ahmed-minhaz-shumon,2026-04-09
https://doctorbd24.com/doctor/prof-dr-a-n-m-ehsanul-karim,2026-04-09
https://doctorbd24.com/doctor/dr-shah-newaz-sayed-saikat,2026-04-09
https://doctorbd24.com/doctor/dr-merazul-alam-afternoon,2026-04-09
https://doctorbd24.com/doctor/prof-dr-md-razibul-alam-3659,2026-04-09
https://doctorbd24.com/doctor/dr-afrin-akter-nephrologykidneymedicine,2026-04-09
https://doctorbd24.com/doctor/prof-dr-md-fazle-elahi-milad,2026-04-09
https://doctorbd24.com/doctor/prof-dr-fahima-afroze,2026-04-09
https://doctorbd24.com/doctor/dr-md-mahazur-alam-sumon-child-and-child-neurology,2026-04-09
https://doctorbd24.com/doctor/dr-razib-kumar-saha,2026-04-09
https://doctorbd24.com/doctor/prof-dr-shireen-akhter-khanam,2026-04-09
https://doctorbd24.com/doctor/prof-dr-ershadul-haque,2026-04-09
https://doctorbd24.com/doctor/dr-md-shahnawas-biswas,2026-04-09
https://doctorbd24.com/doctor/dr-sourav-nath-shuvo,2026-04-09
https://doctorbd24.com/doctor/dr-md-mynul-hasan-chishty,2026-04-09
https://doctorbd24.com/doctor/drabdullah-al-noman,2026-04-09
https://doctorbd24.com/doctor/prof-dr-sirajul-islam-mahfuj,2026-04-09
https://doctorbd24.com/doctor/profdr-md-khairul-bashar,2026-04-09
https://doctorbd24.com/doctor/prof-dr-jasimuddin-majumder,2026-04-09
https://doctorbd24.com/doctor/prof-dr-sudip-das-gupta,2026-04-09
https://doctorbd24.com/doctor/dr-a-b-siddique-2371,2026-04-09
https://doctorbd24.com/doctor/dr-deen-mohammad-khan-morning,2026-04-09
https://doctorbd24.com/doctor/dr-md-rashedul-islam-6866,2026-04-09
https://doctorbd24.com/doctor/prof-dr-mohammad-hasan-tarik-8715,2026-04-09
https://doctorbd24.com/doctor/prof-dr-a-k-m-musa-bhuiyan-bablu,2026-04-09
https://doctorbd24.com/doctor/prof-dr-golam-kibria-khan,2026-04-09
https://doctorbd24.com/doctor/prof-dr-mosharraf-hossain,2026-04-09
https://doctorbd24.com/doctor/dr-shubhrangshu-banerjee,2026-04-09
https://doctorbd24.com/doctor/prof-dr-bhaskar-saha,2026-04-09
https://doctorbd24.com/doctor/prof-dr-mohammad-khurshed-alam,2026-04-09
https://doctorbd24.com/doctor/prof-dr-md-shahidullah-sikder-5619,2026-04-09
https://doctorbd24.com/doctor/prof-dr-mahmudul-huq,2026-04-09
https://doctorbd24.com/doctor/dr-mohammad-khaled-iqbal-tipu,2026-04-09
https://doctorbd24.com/doctor/dr-md-wahidul-hassan-milton,2026-04-09
https://doctorbd24.com/doctor/prof-dr-md-nazrul-islam-6203,2026-04-09
https://doctorbd24.com/doctor/prof-dr-m-a-hassan,2026-04-09
https://doctorbd24.com/doctor/prof-dr-md-anwarul-kabir-morning,2026-04-09
https://doctorbd24.com/doctor/prof-dr-iffat-ara-shamsad,2026-04-09
https://doctorbd24.com/doctor/dr-afm-muntahi-reza-rubel,2026-04-09
https://doctorbd24.com/doctor/dr-md-mahmudul-hasan-spec,2026-04-09
https://doctorbd24.com/doctor/dr-najmun-nahar-4553,2026-04-09
https://doctorbd24.com/doctor/prof-dr-shibly-hayder,2026-04-09
https://doctorbd24.com/doctor/profdrabdul-matin,2026-04-09
https://doctorbd24.com/doctor/prof-dr-mowdud-hossain-alamgir-pavel,2026-04-09
https://doctorbd24.com/doctor/dr-shahzahan-siraj,2026-04-09
https://doctorbd24.com/doctor/prof-dr-samir-majumder,2026-04-09
https://doctorbd24.com/doctor/dr-mst-manjuman-ara-sarker,2026-04-09
https://doctorbd24.com/doctor/dr-kishore-mohajan-2579,2026-04-09
https://doctorbd24.com/doctor/prof-dr-a-s-m-bazlul-karim,2026-04-09
https://doctorbd24.com/doctor/prof-dr-md-kafil-uddin,2026-04-09
https://doctorbd24.com/doctor/dr-abk-bashir-uddin-sayem,2026-04-09
https://doctorbd24.com/doctor/dr-shajia-fatema-zafar-9589,2026-04-09
https://doctorbd24.com/doctor/prof-dr-md-abdullahhel-kafi-morning,2026-04-09
https://doctorbd24.com/doctor/dr-tanbin-rahman-3400,2026-04-09
https://doctorbd24.com/doctor/dr-upananda-ray-3013,2026-04-09
https://doctorbd24.com/doctor/prof-dr-manabendra-bhatta-charjee,2026-04-09
https://doctorbd24.com/doctor/dr-md-saiful-islam-8224,2026-04-09
https://doctorbd24.com/doctor/prof-dr-md-zahed-hossain-3890,2026-04-09
https://doctorbd24.com/doctor/dr-raju-biswas,2026-04-09
https://doctorbd24.com/doctor/prof-dr-md-shafiqul-alam-chowdhury-shamim-morning,2026-04-09
https://doctorbd24.com/doctor/prof-dr-nihar-ranjan-sarker-5527,2026-04-09
https://doctorbd24.com/doctor/prof-dr-anzirun-nahar-asma,2026-04-09
https://doctorbd24.com/doctor/dr-samir-kumar-talukder-6993,2026-04-09
https://doctorbd24.com/doctor/prof-dr-kazi-md-jahangir-3339,2026-04-09
https://doctorbd24.com/doctor/prof-dr-kanuj-kumar-barman-3384,2026-04-09
https://doctorbd24.com/doctor/prof-dr-a-masud-chowdhury-3084,2026-04-09
https://doctorbd24.com/doctor/prof-dr-pabitra-kumar-bhattacharjee-1548,2026-04-09
https://doctorbd24.com/doctor/prof-dr-shopna-rani-dhar-2832,2026-04-09
https://doctorbd24.com/doctor/prof-dr-mst-aleya-khatun-retd,2026-04-09
https://doctorbd24.com/doctor/prof-dr-g-m-nazimul-haque,2026-04-09
https://doctorbd24.com/doctor/prof-dr-md-shahadat-hossain-ripon,2026-04-09
https://doctorbd24.com/doctor/dr-rakibul-hasan-apu-4421,2026-04-09
https://doctorbd24.com/doctor/profdrss-kundu,2026-04-09
https://doctorbd24.com/doctor/dr-shariwatullah-khan,2026-04-09
https://doctorbd24.com/doctor/dr-aminur-rahman-8620,2026-04-09
https://doctorbd24.com/doctor/prof-dr-md-anowarul-islam-5172,2026-04-09
https://doctorbd24.com/doctor/prof-dr-sukriti-das-1984,2026-04-09
https://doctorbd24.com/doctor/prof-dr-fakrul-alam,2026-04-09
https://doctorbd24.com/doctor/dr-partha-roy,2026-04-09
https://doctorbd24.com/andrologist-in-dhaka/,2026-04-09
https://doctorbd24.com/doctor/dr-tanvir-ashraf,2026-04-09
https://doctorbd24.com/doctor/prof-dr-md-roushon-ali-morning-shift,2026-04-09
https://doctorbd24.com/doctor/dr-atm-kamrul-hasan-oncologycancer,2026-04-09
https://doctorbd24.com/doctor/prof-dr-akm-faizul-hoque,2026-04-09
https://doctorbd24.com/doctor/prof-dr-m-bahadur-ali-miah-7578,2026-04-09
https://doctorbd24.com/doctor/dr-md-mahmud-ullah-mahin-6932,2026-04-09
https://doctorbd24.com/doctor/prof-dr-mohammad-hyder-ali,2026-04-09
https://doctorbd24.com/doctor/dr-d-c-ray,2026-04-09
https://doctorbd24.com/doctor/prof-dr-maj-gen-s-m-mizanur-rahman,2026-04-09
https://doctorbd24.com/doctor/prof-dr-fazlul-haque-qasem,2026-04-09
https://doctorbd24.com/doctor/drtareq-mohammad,2026-04-09
https://doctorbd24.com/doctor/dr-sabina-chowdhury-7234,2026-04-09
https://doctorbd24.com/doctor/prof-dr-rezwanur-rahman,2026-04-09
https://doctorbd24.com/doctor/drmafruha-tazkin-milky,2026-04-09
https://doctorbd24.com/doctor/prof-dr-sunam-kumar-barua-3949,2026-04-09
https://doctorbd24.com/doctor/dr-md-azmirul-haq-sarker,2026-04-09
https://doctorbd24.com/doctor/prof-dr-a-k-m-shaheduzzaman-ribel,2026-04-09
https://doctorbd24.com/doctor/prof-dr-ahamed-minhaz-sumon,2026-04-09
https://doctorbd24.com/doctor/prof-dr-utpala-mazumder-8325,2026-04-09
https://doctorbd24.com/doctor/prof-dr-moinul-hossain-7865,2026-04-09
https://doctorbd24.com/doctor/dr-nasima-sultana,2026-04-09
https://doctorbd24.com/doctor/dr-fayem-chowdhury-sony-friday,2026-04-09
https://doctorbd24.com/doctor/dr-md-haidar-ali-shimul-orthopaedic-surgery,2026-04-09
https://doctorbd24.com/doctor/prof-dr-tanzeem-sabina-chowdhury-joya,2026-04-09
https://doctorbd24.com/doctor/dr-kazi-lrfan-subhan-3026,2026-04-09
https://doctorbd24.com/doctor/dr-aminur-rahman-8530,2026-04-09
https://doctorbd24.com/doctor/dr-shapur-ikhtaire-bhaban-6,2026-04-09
https://doctorbd24.com/doctor/prof-dr-moinuddin-ahmed,2026-04-09
https://doctorbd24.com/doctor/dr-sonjoy-biswas,2026-04-09
https://doctorbd24.com/doctor/prof-dr-sankar-narayan-das,2026-04-09
https://doctorbd24.com/doctor/profdr-abu-sayeed-mohammad,2026-04-09
https://doctorbd24.com/doctor/prof-dr-kamil-ara-khanam,2026-04-09
https://doctorbd24.com/doctor/prof-dr-m-bahadur-ali-miah,2026-04-09
https://doctorbd24.com/doctor/dr-md-rezaul-amin-titu-3788,2026-04-09
https://doctorbd24.com/doctor/dr-md-tauhidul-islam,2026-04-09
https://doctorbd24.com/doctor/drabdul-mannan,2026-04-09
https://doctorbd24.com/doctor/dr-kamrun-nesa-hossain,2026-04-09
https://doctorbd24.com/doctor/dr-md-niatuzzaman-4591,2026-04-09
https://doctorbd24.com/doctor/dr-lipika-chowdhury,2026-04-09
https://doctorbd24.com/doctor/prof-dr-sanaul-hauqe-morning,2026-04-09
https://doctorbd24.com/doctor/dr-m-s-maruf-morshed,2026-04-09
https://doctorbd24.com/doctor/dr-mushfiq-newaz-ahmed,2026-04-09
https://doctorbd24.com/doctor/dr-md-rezaul-karim-reza-7430,2026-04-09
https://doctorbd24.com/doctor/dr-bivab-paul,2026-04-09
https://doctorbd24.com/doctor/prof-dr-asma-raihan,2026-04-09
https://doctorbd24.com/doctor/dr-md-asik-iqbal-neurology,2026-04-09
https://doctorbd24.com/doctor/dr-sanjana-sharmin-shosi,2026-04-09
https://doctorbd24.com/doctor/prof-dr-shamima-haque-chowdhury-annie,2026-04-09
https://doctorbd24.com/doctor/prof-dr-akm-mohiuddin-bhuiyan-masum-evening,2026-04-09
https://doctorbd24.com/doctor/prof-dr-shanjoy-kumar-paul,2026-04-09
https://doctorbd24.com/doctor/dr-foujia-sharmin-9890,2026-04-09
https://doctorbd24.com/doctor/prof-dr-a-b-m-adnan,2026-04-09
https://doctorbd24.com/doctor/dr-md-abdullah-al-mamun-9840,2026-04-09
https://doctorbd24.com/doctor/dr-md-nazmul-hasan-3656,2026-04-09
https://doctorbd24.com/doctor/dr-shahnaj-sultana-bithi-6788,2026-04-09
https://doctorbd24.com/doctor/prof-dr-mizanur-rahaman-kallol,2026-04-09
https://doctorbd24.com/doctor/prof-dr-momtaz-begum-3542,2026-04-09
https://doctorbd24.com/doctor/dr-mohd-tareq-anwar-shishir,2026-04-09
https://doctorbd24.com/doctor/prof-dr-suraiya-begum-3702,2026-04-09
https://doctorbd24.com/doctor/prof-dr-m-mujibul-haque,2026-04-09
https://doctorbd24.com/doctor/dr-md-zahangir-alam-morning-gynaecology,2026-04-09
https://doctorbd24.com/doctor/dr-asho-tosh-nath-8870,2026-04-09
https://doctorbd24.com/doctor/dr-madhusudan-mondal,2026-04-09
https://doctorbd24.com/doctor/dr-samina-tabassum-khan-anika,2026-04-09
https://doctorbd24.com/doctor/dr-abdur-rahim-6322,2026-04-09
https://doctorbd24.com/doctor/dr-shukha-ranjan-das-1346,2026-04-09
https://doctorbd24.com/doctor/prof-dr-mahjabin-naj,2026-04-09
https://doctorbd24.com/doctor/drafreen-kabir-kheya,2026-04-09
https://doctorbd24.com/doctor/prof-dr-mirza-mahbubur-rahman,2026-04-09
https://doctorbd24.com/doctor/dr-sanjida-sharmin,2026-04-09
https://doctorbd24.com/doctor/dr-asaduzzaman-3340,2026-04-09
https://doctorbd24.com/doctor/dr-nasrin-sultana-ratna,2026-04-08
https://doctorbd24.com/doctor/dr-sayeda-akter-nipa,2026-04-08
https://doctorbd24.com/doctor/prof-dr-saiful-bashar,2026-04-08
https://doctorbd24.com/doctor/dr-a-t-m-kamrul-hasan-2092,2026-04-08
https://doctorbd24.com/doctor/dr-md-alauddin-5464,2026-04-08
https://doctorbd24.com/doctor/prof-dr-chowdhury-meshkat-ahmed-4533,2026-04-08
https://doctorbd24.com/doctor/dr-khadiza-mamdu,2026-04-08
https://doctorbd24.com/doctor/dr-tanjina-tarannum-dipu-4097,2026-04-08
https://doctorbd24.com/doctor/dr-dhananjay-dey-biplob,2026-04-08
https://doctorbd24.com/doctor/prof-dr-paritosh-kumar-sarkar-5998,2026-04-08
https://doctorbd24.com/doctor/dr-roksana-reza,2026-04-08
https://doctorbd24.com/doctor/dr-anisur-rahman-9684,2026-04-08
https://doctorbd24.com/doctor/dr-sabbir-ahmed-dhali-3673,2026-04-08
https://doctorbd24.com/doctor/dr-samee-m-adnan-1548,2026-04-08
https://doctorbd24.com/doctor/prof-dr-aziza-begum-lucy-2495,2026-04-08
https://doctorbd24.com/doctor/dr-kamal-uddin-ahmed-1603,2026-04-08
https://doctorbd24.com/doctor/dr-ahmed-monirul-hoque-3460,2026-04-08
https://doctorbd24.com/doctor/prof-dr-md-halimur-rashid-9002,2026-04-08
https://doctorbd24.com/doctor/prof-dr-paritosh-kumar-sarkar-3922,2026-04-08
https://doctorbd24.com/doctor/dr-mohammed-astefchar-hussain-5835,2026-04-08
https://doctorbd24.com/doctor/dr-mehrose-alam-chowdhury-2082,2026-04-08
https://doctorbd24.com/doctor/dr-md-abdur-razzak-5224,2026-04-08
https://doctorbd24.com/doctor/prof-dr-md-zahed-hossain-1115,2026-04-08
https://doctorbd24.com/doctor/dr-prasenjit-barua-4845,2026-04-08
https://doctorbd24.com/doctor/dr-md-rofiqul-islam-3197,2026-04-08
https://doctorbd24.com/doctor/dr-kishore-mohajan-3939,2026-04-08
https://doctorbd24.com/doctor/prof-dr-md-mukhlesur-rahman-9582,2026-04-08
https://doctorbd24.com/doctor/dr-tahura-akter-5065,2026-04-08
https://doctorbd24.com/doctor/dr-md-anwar-hossain-5660,2026-04-08
https://doctorbd24.com/doctor/prof-dr-a-k-m-ahsan-habib-5162,2026-04-08
https://doctorbd24.com/doctor/dr-nazma-parvin-2275,2026-04-08
https://doctorbd24.com/doctor/dr-md-omar-faruk-5851,2026-04-08
https://doctorbd24.com/doctor/dr-gazi-mahmud-ul-hasan-rusho-2731,2026-04-08
https://doctorbd24.com/doctor/dr-md-selim-morshed-suvo-5935,2026-04-08
https://doctorbd24.com/doctor/prof-dr-shopna-rani-dhar-2300,2026-04-08
https://doctorbd24.com/doctor/prof-dr-abu-hena-mostafa-kamal-2935,2026-04-08
https://doctorbd24.com/doctor/dr-md-kamal-uddin-mazumder-8528,2026-04-08
https://doctorbd24.com/doctor/prof-dr-bidhan-chandra-roy-7863,2026-04-08
https://doctorbd24.com/doctor/prof-dr-anowara-begum-7105,2026-04-08
https://doctorbd24.com/doctor/prof-dr-md-abu-yusuf-fakir-7458,2026-04-08
https://doctorbd24.com/doctor/prof-dr-nasir-uddin-mahmud-2780,2026-04-08
https://doctorbd24.com/doctor/dr-mostafa-kamal-arefin-3912,2026-04-08
https://doctorbd24.com/doctor/prof-dr-sajal-banerjee-1608,2026-04-08
https://doctorbd24.com/doctor/prof-dr-tarit-kumar-samadder-5480,2026-04-08
https://doctorbd24.com/doctor/prof-dr-tapan-kumar-saha-1377,2026-04-08
https://doctorbd24.com/doctor/dr-alamgir-hossain-4258,2026-04-08
https://doctorbd24.com/doctor/prof-dr-md-noor-islam-1174,2026-04-08
https://doctorbd24.com/doctor/dr-rawshan-ara-begum-6350,2026-04-08
https://doctorbd24.com/doctor/prof-dr-md-ruhul-amin-9856,2026-04-08
https://doctorbd24.com/doctor/dr-kismot-ara-sheikh-mala-9533,2026-04-08
https://doctorbd24.com/doctor/prof-dr-sheikh-hasanur-rahman-7983,2026-04-08
https://doctorbd24.com/doctor/dr-tanzirul-islam-2851,2026-04-08
https://doctorbd24.com/doctor/prof-dr-sukriti-das-2146,2026-04-08
https://doctorbd24.com/doctor/prof-dr-mahbubur-rahman-5102,2026-04-08
https://doctorbd24.com/doctor/dr-prabir-chowdhury-5078,2026-04-08
https://doctorbd24.com/doctor/prof-dr-akm-shahadat-hossain-4512,2026-04-08
https://doctorbd24.com/doctor/prof-dr-rajib-nayan-chowdhury-1328,2026-04-08
https://doctorbd24.com/doctor/prof-dr-bk-biswas-1938,2026-04-08
https://doctorbd24.com/doctor/dr-md-rafiqul-islam-2443,2026-04-08
https://doctorbd24.com/doctor/dr-tarikul-islam-1227,2026-04-08
https://doctorbd24.com/doctor/prof-dr-md-rezaul-karim-3366,2026-04-08
https://doctorbd24.com/doctor/dr-md-omar-faruk-2030,2026-04-08
https://doctorbd24.com/doctor/dr-md-humayun-kabir-5991,2026-04-08
https://doctorbd24.com/doctor/dr-khadija-begum-3216,2026-04-08
https://doctorbd24.com/doctor/prof-dr-chandan-kumar-saha-5039,2026-04-08
https://doctorbd24.com/doctor/prof-dr-quamruddin-ahmad-2722,2026-04-08
https://doctorbd24.com/doctor/prof-dr-md-abdul-gaffar-faruk-4467,2026-04-08
https://doctorbd24.com/doctor/prof-dr-biswas-akhtar-hossain-9467,2026-04-08
https://doctorbd24.com/doctor/dr-n-m-saifuddin-nizami-nayan-3829,2026-04-08
https://doctorbd24.com/doctor/prof-dr-nazneen-ahmed-8804,2026-04-08
https://doctorbd24.com/doctor/dr-shajia-fatema-zafar-7687,2026-04-08
https://doctorbd24.com/doctor/prof-dr-m-a-kashem-6347,2026-04-08
https://doctorbd24.com/doctor/dr-md-nurul-akther-chowdhury-7133,2026-04-08
https://doctorbd24.com/doctor/dr-md-mahmud-ullah-mahin-1126,2026-04-08
https://doctorbd24.com/doctor/dr-md-riaz-mridha-2190,2026-04-08
https://doctorbd24.com/doctor/dr-masihuzzaman-alpha-5170,2026-04-08
https://doctorbd24.com/doctor/prof-dr-md-razibul-alam-5109,2026-04-08
https://doctorbd24.com/doctor/prof-dr-md-rashidul-islam-9144,2026-04-08
https://doctorbd24.com/doctor/prof-dr-dilip-kumar-roy-9343,2026-04-08
https://doctorbd24.com/doctor/dr-chowdhury-farhana-tinnee-9353,2026-04-08
https://doctorbd24.com/doctor/prof-dr-pabitra-kumar-bhattacharjee-6147,2026-04-08
https://doctorbd24.com/doctor/prof-dr-sk-banik-2507,2026-04-08
https://doctorbd24.com/doctor/prof-dr-md-aref-rahman-4765,2026-04-08
https://doctorbd24.com/doctor/prof-dr-shyamal-debnath-2896,2026-04-08
https://doctorbd24.com/doctor/dr-syed-selim-sarwar-3267,2026-04-08
https://doctorbd24.com/doctor/dr-anisur-rahman-7017,2026-04-08
https://doctorbd24.com/doctor/dr-nasir-uddin-mahmud-shuvo-1546,2026-04-08
https://doctorbd24.com/doctor/dr-sudip-kumar-halder-1487,2026-04-08
https://doctorbd24.com/doctor/dr-rehnuma-nasim-4875,2026-04-08
https://doctorbd24.com/doctor/prof-dr-sunam-kumar-barua-6575,2026-04-08
https://doctorbd24.com/doctor/prof-dr-anupam-barua-7566,2026-04-08
https://doctorbd24.com/doctor/dr-khandokar-samsujjaman-6638,2026-04-08
https://doctorbd24.com/doctor/dr-ripa-kundu-4319,2026-04-08
https://doctorbd24.com/doctor/dr-anjir-anwar-7207,2026-04-08
https://doctorbd24.com/doctor/dr-saurav-das-7131,2026-04-08
https://doctorbd24.com/doctor/prof-dr-momtaz-begum-5170,2026-04-08
https://doctorbd24.com/doctor/dr-sarwar-ahmed-sobhan-2833,2026-04-08
https://doctorbd24.com/doctor/prof-dr-md-shah-alam-2083,2026-04-08
https://doctorbd24.com/doctor/prof-dr-md-azizul-haque-2238,2026-04-08
https://doctorbd24.com/doctor/dr-md-akimul-islam-mohon-1055,2026-04-08
https://doctorbd24.com/doctor/prof-dr-reaz-mobarak,2026-04-08
https://doctorbd24.com/doctor/dr-farhana-afroz-2715,2026-04-08
https://doctorbd24.com/doctor/prof-dr-mohammad-mohiuddin,2026-04-08
https://doctorbd24.com/doctor/dr-urmi-rahman-5760,2026-04-08
https://doctorbd24.com/doctor/profdrchowdhury-yeakub-jamal,2026-04-08
https://doctorbd24.com/doctor/dr-md-atikul-islam,2026-04-08
https://doctorbd24.com/doctor/prof-dr-qtarikul-islam-morning,2026-04-08
https://doctorbd24.com/doctor/prof-dr-sanjoy-kumar-saha-evening-medicine,2026-04-08
https://doctorbd24.com/doctor/prof-dr-md-saiful-islam-3015,2026-04-08
https://doctorbd24.com/doctor/dr-md-nazmus-sakib-2395,2026-04-08
https://doctorbd24.com/doctor/drfahad-islam,2026-04-08
https://doctorbd24.com/doctor/dr-md-mahmudul-hasan-5378,2026-04-08
https://doctorbd24.com/doctor/prof-dr-indrajit-prasad-9411,2026-04-08
https://doctorbd24.com/doctor/dr-farzana-siddiqua,2026-04-08
https://doctorbd24.com/doctor/prof-dr-zahed-ali-neurology,2026-04-08
https://doctorbd24.com/doctor/prof-dr-md-golam-sarwar-5708,2026-04-08
https://doctorbd24.com/doctor/dr-nusrat-jahan-lopa,2026-04-08
https://doctorbd24.com/doctor/prof-dr-muhammad-noor-islam-9229,2026-04-08
https://doctorbd24.com/doctor/dr-shakir-ur-rashid-6826,2026-04-08
https://doctorbd24.com/doctor/dr-md-mahamudul-hasan-3971,2026-04-08
https://doctorbd24.com/doctor/dr-md-khairul-islam-shimon-9716,2026-04-08
https://doctorbd24.com/doctor/prof-dr-md-nazrul-islam-6513,2026-04-08
https://doctorbd24.com/doctor/prof-dr-syed-nasir-uddin-8950,2026-04-08
https://doctorbd24.com/doctor/prof-dr-aparna-das-4350,2026-04-08
https://doctorbd24.com/doctor/dr-abdullah-al-marjuq-3365,2026-04-08
https://doctorbd24.com/doctor/dr-m-a-kashem-7053,2026-04-08
https://doctorbd24.com/doctor/prof-dr-md-jahangir-alam-4174,2026-04-08
https://doctorbd24.com/doctor/dr-md-nazmul-hasan-3346,2026-04-08
https://doctorbd24.com/doctor/dr-md-shariful-alam-6658,2026-04-08
https://doctorbd24.com/doctor/prof-dr-devendra-nath-sarkar-2760,2026-04-08
https://doctorbd24.com/doctor/dr-md-saiful-islam-7034,2026-04-08
https://doctorbd24.com/doctor/prof-dr-n-c-nath-8122,2026-04-08
https://doctorbd24.com/doctor/dr-mosiur-rahman,2026-04-08
https://doctorbd24.com/doctor/dr-nitai-prasad-dutta-5609,2026-04-08
https://doctorbd24.com/doctor/dr-lita-parvin-7138,2026-04-08
https://doctorbd24.com/doctor/dr-md-morshedur-rahman-2187,2026-04-08
https://doctorbd24.com/doctor/dr-md-shakib-intisar,2026-04-08
https://doctorbd24.com/doctor/prof-dr-shah-md-sarwar-jahan-8623,2026-04-08
https://doctorbd24.com/doctor/prof-dr-a-masud-chowdhury-3250,2026-04-08
https://doctorbd24.com/doctor/dr-morium-khanum-mukta,2026-04-08
https://doctorbd24.com/doctor/dr-md-saifur-rahman-8631,2026-04-08
https://doctorbd24.com/doctor/prof-dr-a-t-m-aman-ullah-9982,2026-04-08
https://doctorbd24.com/doctor/dr-julan-barua-9036,2026-04-08
https://doctorbd24.com/doctor/dr-md-abdul-momin-4763,2026-04-08
https://doctorbd24.com/doctor/prof-dr-qamrul-alam-saleh-7463,2026-04-08
https://doctorbd24.com/doctor/prof-dr-anisul-haque-4129,2026-04-08
https://doctorbd24.com/doctor/dr-m-mahmud-hossain-ontu,2026-04-08
https://doctorbd24.com/doctor/dr-md-mushfiquzzaman-7540,2026-04-08
https://doctorbd24.com/doctor/dr-rezaul-haider-chowdhury-5449,2026-04-08
https://doctorbd24.com/doctor/prof-dr-md-tariqul-islam-6481,2026-04-08
https://doctorbd24.com/doctor/dr-surajit-roy-chowdhury-3275,2026-04-08
https://doctorbd24.com/doctor/prof-dr-kanak-kanti-barua-8634,2026-04-08
https://doctorbd24.com/doctor/prof-dr-md-amanur-rasul,2026-04-08
https://doctorbd24.com/doctor/dr-shamima-akhter,2026-04-08
https://doctorbd24.com/doctor/prof-dr-projesh-kumar-roy-8558,2026-04-08
https://doctorbd24.com/doctor/dr-md-mamunur-rashid-5256,2026-04-08
https://doctorbd24.com/doctor/dr-md-shawkat-emran-4547,2026-04-08
https://doctorbd24.com/doctor/prof-dr-g-m-zakir-hossain-2104,2026-04-08
https://doctorbd24.com/doctor/dr-najmun-nahar-1285,2026-04-08
https://doctorbd24.com/doctor/dr-rosanna-bintey-kamal-1936,2026-04-08
https://doctorbd24.com/doctor/dr-shiba-prasad-nandy-emon-3426,2026-04-08
https://doctorbd24.com/doctor/prof-dr-md-zillur-rahman-8539,2026-04-08
https://doctorbd24.com/doctor/dr-matiur-rahman-khan-morning,2026-04-08
https://doctorbd24.com/doctor/drpijush-paul,2026-04-08
https://doctorbd24.com/doctor/dr-mustara-laboni,2026-04-08
https://doctorbd24.com/doctor/prof-dr-m-ashequr-rahman-bhuiyan,2026-04-08
https://doctorbd24.com/doctor/dr-nasim-tanveer,2026-04-08
https://doctorbd24.com/doctor/dr-amit-kumar-devnath-6319,2026-04-08
https://doctorbd24.com/doctor/prof-dr-mohammad-hossain-5706,2026-04-08
https://doctorbd24.com/doctor/dr-mofazzal-sharif,2026-04-08
https://doctorbd24.com/doctor/dr-tasneem-hossain,2026-04-08
https://doctorbd24.com/doctor/dr-md-nazmul-islam-1689,2026-04-08
https://doctorbd24.com/doctor/dr-ahm-arifun-nahar,2026-04-08
https://doctorbd24.com/doctor/dr-md-zahangir-alam-evening-gynaecology,2026-04-08
https://doctorbd24.com/doctor/prof-dr-a-k-m-rafiqul-bari-evening,2026-04-08
https://doctorbd24.com/doctor/dr-sharmin-doha,2026-04-08
https://doctorbd24.com/doctor/prof-dr-md-hasanur-rashid-9194,2026-04-07
https://doctorbd24.com/doctor/dr-hafsa-hassan-khan,2026-04-07
https://doctorbd24.com/doctor/prof-dr-ratan-das-gupta,2026-04-07
https://doctorbd24.com/doctor/dr-md-sazzad-hossain-shawon-9711,2026-04-07
https://doctorbd24.com/doctor/prof-dr-md-ibrahim-khalil-7184,2026-04-07
https://doctorbd24.com/doctor/dr-monzur-a-khoda-rheumatology-medicine,2026-04-07
https://doctorbd24.com/doctor/dr-debnath-talukder-rony,2026-04-07
https://doctorbd24.com/doctor/dr-ranjit-kumar-ghosh-neurology,2026-04-07
https://doctorbd24.com/doctor/prof-dr-ma-rahman,2026-04-07
https://doctorbd24.com/doctor/dr-sadia-afrin-munmun,2026-04-07
https://doctorbd24.com/doctor/dr-md-ruhul-amin-molla-chayan,2026-04-07
https://doctorbd24.com/doctor/prof-dr-mt-rahman,2026-04-07
https://doctorbd24.com/doctor/dr-b-m-rahgir-mahmud-rakib,2026-04-07
https://doctorbd24.com/doctor/prof-dr-shah-md-sarwar-jahan-2624,2026-04-07
https://doctorbd24.com/doctor/dr-golam-fahad-bhuiyan,2026-04-07
https://doctorbd24.com/doctor/dr-rezaul-haider-chowdhury-7089,2026-04-07
https://doctorbd24.com/doctor/prof-dr-hafija-akter,2026-04-07
https://doctorbd24.com/doctor/prof-dr-mdtitu-miah,2026-04-07
https://doctorbd24.com/doctor/prof-dr-kn-nahar-gynaecology,2026-04-07
https://doctorbd24.com/doctor/dr-sabrina-shahrin,2026-04-07
https://doctorbd24.com/doctor/dr-mohammad-mohsin-kabir,2026-04-07
https://doctorbd24.com/doctor/prof-dr-shahed-ahmed-chowdhury,2026-04-07
https://doctorbd24.com/doctor/prof-dr-md-abdur-rob-8603,2026-04-07
https://doctorbd24.com/doctor/dr-mohammad-rownak-khurshid-vascular-surgery,2026-04-07
https://doctorbd24.com/doctor/prof-dr-maliha-hakim-old,2026-04-07
https://doctorbd24.com/doctor/dr-atia-parveen,2026-04-07
https://doctorbd24.com/doctor/prof-dr-sheuly-begum-8673,2026-04-07
https://doctorbd24.com/doctor/prof-dr-md-nure-alam-siddiqui,2026-04-07
https://doctorbd24.com/doctor/prof-dr-mir-mosarraf-hossain-5510,2026-04-07
https://doctorbd24.com/doctor/dr-sharup-chandra-poddar,2026-04-07
https://doctorbd24.com/doctor/drmuhammad-al-amin,2026-04-07
https://doctorbd24.com/doctor/dr-md-jahangir-alam-5741,2026-04-07
https://doctorbd24.com/doctor/dr-atia-sharmin-shimu,2026-04-07
https://doctorbd24.com/doctor/prof-dr-nimai-karmoker,2026-04-07
https://doctorbd24.com/doctor/dr-raisa-binte-alam,2026-04-07
https://doctorbd24.com/doctor/dr-goutom-chandra-bhowmik,2026-04-07
https://doctorbd24.com/doctor/dr-rifat-ara-spec,2026-04-07
https://doctorbd24.com/doctor/prof-dr-md-sazzad-hossain,2026-04-07
https://doctorbd24.com/doctor/prof-col-dr-md-kamal-hossain,2026-04-07
https://doctorbd24.com/doctor/profdr-quazi-mamtaz-uddin-ahmed,2026-04-07
https://doctorbd24.com/doctor/prof-dr-bibekananda-biswas-evening-eyeopthmalogy,2026-04-07
https://doctorbd24.com/doctor/drbishwajit-saha,2026-04-07
https://doctorbd24.com/doctor/prof-dr-md-shah-alam-5646,2026-04-07
https://doctorbd24.com/doctor/prof-dr-md-farid-uddin-1132,2026-04-07
https://doctorbd24.com/doctor/dr-md-khaled-monsur-orthopaedic-surgery,2026-04-07
https://doctorbd24.com/doctor/dr-md-kamal-uddin-mazumder-2631,2026-04-07
https://doctorbd24.com/doctor/prof-dr-kazi-shamim-uzzaman-spec,2026-04-07
https://doctorbd24.com/doctor/prof-md-mujibur-rahman,2026-04-07
https://doctorbd24.com/doctor/prof-dr-chandan-kumar-saha-7949,2026-04-07
https://doctorbd24.com/doctor/dr-ruksana-ali,2026-04-07
https://doctorbd24.com/doctor/dr-shahin-reza,2026-04-07
https://doctorbd24.com/doctor/dr-sadia-sharmin-8047,2026-04-07
https://doctorbd24.com/doctor/dr-tarikul-islam-4809,2026-04-07
https://doctorbd24.com/doctor/prof-dr-m-a-jaigirdar-1838,2026-04-07
https://doctorbd24.com/doctor/dr-solaiman-rupom,2026-04-07
https://doctorbd24.com/doctor/dr-shiba-prasad-nandy-emon-9797,2026-04-07
https://doctorbd24.com/doctor/prof-dr-brig-gen-nazimuddin-morning,2026-04-07
https://doctorbd24.com/doctor/prof-dr-md-dayem-uddin-2154,2026-04-07
https://doctorbd24.com/doctor/dr-md-tanzilur-rahman,2026-04-07
https://doctorbd24.com/doctor/prof-brig-gen-dr-afm-shamsul-haque,2026-04-07
https://doctorbd24.com/doctor/prof-dr-a-t-m-mowladad-chowdhury,2026-04-07
https://doctorbd24.com/doctor/dr-khandaker-abm-abdullah-al-hasan-8748,2026-04-07
https://doctorbd24.com/doctor/prof-dr-md-mahbubor-rahmanevening,2026-04-07
https://doctorbd24.com/doctor/drfarzana-rahman-rinky,2026-04-07
https://doctorbd24.com/doctor/prof-dr-abdus-salam-4106,2026-04-07
https://doctorbd24.com/doctor/dr-md-mushfiquzzaman-7402,2026-04-07
https://doctorbd24.com/doctor/prof-dr-jesmin-akter-8056,2026-04-07
https://doctorbd24.com/doctor/prof-dr-dilip-kumar-roy-9073,2026-04-07
https://doctorbd24.com/doctor/dr-nasrin-ferdous,2026-04-07
https://doctorbd24.com/doctor/dr-solaiman-rupom-2pm,2026-04-07
https://doctorbd24.com/doctor/dr-md-jillur-hassan-rony,2026-04-07
https://doctorbd24.com/doctor/dr-mohd-mejbahul-bahar,2026-04-07
https://doctorbd24.com/doctor/drmdatiqul-islam-atique,2026-04-07
https://doctorbd24.com/doctor/prof-colonel-dr-abdul-hai,2026-04-07
https://doctorbd24.com/doctor/prof-dr-shymal-sarker,2026-04-07
https://doctorbd24.com/doctor/prof-dr-zeenat-jabin,2026-04-07
https://doctorbd24.com/doctor/prof-dr-kazi-md-monowarul-karim-babor,2026-04-07
https://doctorbd24.com/doctor/dr-sajuti-humaira,2026-04-07
https://doctorbd24.com/doctor/drbhabananda-barai-shuvo,2026-04-07
https://doctorbd24.com/doctor/prof-dr-mohammad-safiuddin-2926,2026-04-07
https://doctorbd24.com/doctor/dr-farzana-akhter-chowdhury,2026-04-07
https://doctorbd24.com/doctor/dr-mohammad-sazzad-hossain-3977,2026-04-07
https://doctorbd24.com/doctor/prof-dr-jasim-uddin-ahmed-chowdhury,2026-04-07
https://doctorbd24.com/doctor/prof-dr-binoy-paul,2026-04-07
https://doctorbd24.com/doctor/dr-sima-basak,2026-04-07
https://doctorbd24.com/doctor/prof-dr-rebeka-khanam,2026-04-07
https://doctorbd24.com/doctor/prof-dr-nazneen-ahmed-6174,2026-04-07
https://doctorbd24.com/doctor/dr-sharmin-afroz-khannishu,2026-04-07
https://doctorbd24.com/doctor/dr-jahanara-parvin,2026-04-07
https://doctorbd24.com/doctor/prof-dr-syed-serajul-karim-7769,2026-04-07
https://doctorbd24.com/doctor/dr-sayed-mahbub-hossain-rajib,2026-04-07
https://doctorbd24.com/doctor/prof-dr-maj-gen-s-m-motahar-hossain-morning,2026-04-07
https://doctorbd24.com/doctor/dr-shajia-fatema-zafor,2026-04-07
https://doctorbd24.com/doctor/prof-briggen-dr-md-shahidullah,2026-04-07
https://doctorbd24.com/doctor/prof-dr-masuda-islam-khan,2026-04-07
https://doctorbd24.com/doctor/prof-dr-md-arif-akbar-shoybal,2026-04-07
https://doctorbd24.com/doctor/prof-dr-md-abdus-salam,2026-04-07
https://doctorbd24.com/doctor/dr-aklima-parvin-faizi-6951,2026-04-07
https://doctorbd24.com/doctor/dr-monzur-a-khoda-9907,2026-04-07
https://doctorbd24.com/doctor/prof-maj-rtd-dr-md-sahidullah-in-morning,2026-04-07
https://doctorbd24.com/doctor/prof-dr-md-rashed-mirjada,2026-04-07
https://doctorbd24.com/doctor/prof-dr-ratan-chandra-saha-6544,2026-04-07
https://doctorbd24.com/doctor/dr-rasel-ahmed,2026-04-07
https://doctorbd24.com/doctor/prof-dr-col-md-obaidur-rahman-shah-4231,2026-04-07
https://doctorbd24.com/doctor/dr-md-motiur-rahman-1260,2026-04-07
https://doctorbd24.com/doctor/prof-dr-mahbubur-rahman-8399,2026-04-07
https://doctorbd24.com/doctor/prof-dr-samarjit-barua,2026-04-07
https://doctorbd24.com/doctor/prof-dr-md-ruhul-amin-5315,2026-04-07
https://doctorbd24.com/doctor/prof-dr-md-habibur-rahman-4594,2026-04-07
https://doctorbd24.com/doctor/dr-morium-khanum-mukta-morning,2026-04-07
https://doctorbd24.com/doctor/prof-dr-md-bakhtiar-uddin-jewel,2026-04-07
https://doctorbd24.com/doctor/dr-md-atikul-haque-skindermatology,2026-04-07
https://doctorbd24.com/doctor/dr-fatema-farzana-7860,2026-04-07
https://doctorbd24.com/doctor/prof-dr-md-wadudul-hoque-tarafder-nahid,2026-04-07
https://doctorbd24.com/doctor/prof-dr-hasan-sayedee-khan,2026-04-07
https://doctorbd24.com/doctor/prof-dr-md-harun-ur-rashid-7535,2026-04-07
https://doctorbd24.com/doctor/dr-muhammad-abdur-razzak-4075,2026-04-07
https://doctorbd24.com/doctor/prof-dr-a-k-m-rafiqul-bari,2026-04-07
https://doctorbd24.com/doctor/prof-dr-md-nazrul-islam-bhuiyan,2026-04-07
https://doctorbd24.com/doctor/profdr-jamshed-alom-khan,2026-04-07
https://doctorbd24.com/doctor/prof-dr-sheikh-hasanur-rahman-2046,2026-04-07
https://doctorbd24.com/doctor/prof-dr-sabina-husein-9222,2026-04-07
https://doctorbd24.com/doctor/prof-dr-paritosh-kumar-sarkar-9715,2026-04-07
https://doctorbd24.com/doctor/profdrshahidur-rahaman-shahid,2026-04-07
https://doctorbd24.com/doctor/dr-justin-clump,2026-04-07
https://doctorbd24.com/doctor/prof-brig-gen-rtd-dr-hasina-sultana,2026-04-07
https://doctorbd24.com/doctor/dr-rehnuma-nasim-7674,2026-04-07
https://doctorbd24.com/doctor/prof-dr-mahamud-riyad-foysal,2026-04-07
https://doctorbd24.com/doctor/dr-md-mahbub-alam,2026-04-07
https://doctorbd24.com/doctor/profdranjuman-ara-akhter,2026-04-07
https://doctorbd24.com/doctor/prof-dr-istiyak-ahmed-shamim,2026-04-07
https://doctorbd24.com/doctor/dr-md-nazmus-sakib-5985,2026-04-07
https://doctorbd24.com/doctor/prof-dr-md-wahidur-rahman,2026-04-07
https://doctorbd24.com/doctor/profdrakhtari-hossain-chowdhury-nipa,2026-04-07
https://doctorbd24.com/doctor/prof-dr-mazibar-rahman,2026-04-07
https://doctorbd24.com/doctor/profdr-nc-nath,2026-04-07
https://doctorbd24.com/doctor/prof-dr-md-wahidur-rahman-morning,2026-04-07
https://doctorbd24.com/doctor/prof-dr-ismail-hosen,2026-04-07
https://doctorbd24.com/doctor/dr-mina-debi-7754,2026-04-07
https://doctorbd24.com/doctor/dr-dhiraj-chandra-biswas-childpaediatric,2026-04-07
https://doctorbd24.com/doctor/prof-dr-col-md-mozibur-rahman-evening,2026-04-07
https://doctorbd24.com/doctor/dr-saurav-das-1479,2026-04-07
https://doctorbd24.com/doctor/dr-md-masudul-hasan-khokon,2026-04-07
https://doctorbd24.com/doctor/dr-md-sadiqur-rahman,2026-04-07
https://doctorbd24.com/doctor/prof-dr-brig-gen-md-moklesur-rahman-morning,2026-04-07
https://doctorbd24.com/doctor/dr-akm-shafiul-alam-ferdous-general-surgery,2026-04-07
https://doctorbd24.com/doctor/prof-dr-m-a-mannan-5141,2026-04-07
https://doctorbd24.com/doctor/draleya-ferdush-monni,2026-04-07
https://doctorbd24.com/doctor/dr-khandokar-samsujjaman-2422,2026-04-07
https://doctorbd24.com/doctor/dr-md-ziaul-hasan,2026-04-07
https://doctorbd24.com/doctor/prof-dr-h-a-m-nazmul-ahasan,2026-04-07
https://doctorbd24.com/doctor/dr-saleha-akter-gynaecology,2026-04-07
https://doctorbd24.com/doctor/prof-dr-md-zillur-rahman-5535,2026-04-07
https://doctorbd24.com/doctor/dr-md-jayedul-islam,2026-04-07
https://doctorbd24.com/doctor/prof-dr-khadija-rahman-happy,2026-04-07
https://doctorbd24.com/doctor/dr-benozir-haque-panna,2026-04-07
https://doctorbd24.com/doctor/prof-dr-md-selimuzzaman-morning,2026-04-07
https://doctorbd24.com/doctor/dr-prasenjit-barua-1779,2026-04-07
https://doctorbd24.com/doctor/prof-dr-ariful-islam-3928,2026-04-07
https://doctorbd24.com/doctor/dr-farzana-akter,2026-04-07
https://doctorbd24.com/doctor/dr-milton-mallick-8289,2026-04-07
https://doctorbd24.com/doctor/dr-md-iqbal-hasan,2026-04-07
https://doctorbd24.com/doctor/dr-md-abdur-razzaque-2082,2026-04-07
https://doctorbd24.com/doctor/dr-major-a-f-m-forhad-halim,2026-04-07
https://doctorbd24.com/doctor/dr-md-sanower-hossain-khan,2026-04-07
https://doctorbd24.com/doctor/prof-dr-major-md-ziauddin-haider,2026-04-07
https://doctorbd24.com/doctor/prof-dr-naseem-yasmeen-morning,2026-04-07
https://doctorbd24.com/doctor/dr-hironmoy-barman-sagar,2026-04-07
https://doctorbd24.com/doctor/prof-dr-md-shahjahan-kabir,2026-04-07
https://doctorbd24.com/doctor/prof-dr-motiur-rahman-molla-3291,2026-04-07
https://doctorbd24.com/doctor/prof-dr-samresh-chandra-kundu-evening,2026-04-07
https://doctorbd24.com/doctor/prof-dr-a-k-m-motiur-rahman-bhuiyan-7094,2026-04-07
https://doctorbd24.com/doctor/dr-m-a-hasnain-1315,2026-04-07
https://doctorbd24.com/doctor/dr-asst-prof-md-mostafizur-rahman,2026-04-07
https://doctorbd24.com/doctor/prof-dr-ratan-chandra-saha-9839,2026-04-07
https://doctorbd24.com/doctor/prof-dr-shofiul-alam,2026-04-07
https://doctorbd24.com/doctor/prof-dr-md-ashraf-uddin-4317,2026-04-07
https://doctorbd24.com/doctor/dr-selina-aktar-jhorna-eveninggynaecology,2026-04-07
https://doctorbd24.com/doctor/prof-dr-s-m-idris-ali,2026-04-07
https://doctorbd24.com/doctor/prof-dr-md-abdul-gaffar-faruk-8157,2026-04-07
https://doctorbd24.com/doctor/prof-dr-md-rezaul-karim-talukder-ranzu,2026-04-07
https://doctorbd24.com/doctor/prof-dr-ahsan-habib-helal-morning,2026-04-07
https://doctorbd24.com/doctor/prof-dr-samir-kumar-kundu,2026-04-07
https://doctorbd24.com/doctor/dr-md-sazzadur-rahman,2026-04-07
https://doctorbd24.com/doctor/dr-fairuj-pervin-tania-8339,2026-04-07
https://doctorbd24.com/doctor/prof-brig-gen-dr-md-fazlul-hoque,2026-04-07
https://doctorbd24.com/doctor/dr-md-moinul-atique,2026-04-07
https://doctorbd24.com/doctor/prof-dr-major-retd-zahid-hossain-bhuiyan,2026-04-07
https://doctorbd24.com/doctor/prof-dr-qamrul-alam-saleh-3777,2026-04-07
https://doctorbd24.com/doctor/dr-tawhid-ul-islam,2026-04-07
https://doctorbd24.com/doctor/prof-dr-sk-azimul-haque,2026-04-07
https://doctorbd24.com/doctor/drsharmin-doha,2026-04-07
https://doctorbd24.com/doctor/dr-amit-kumar-saha-ent-head-neck-surgery,2026-04-07
https://doctorbd24.com/doctor/dr-md-masudul-hasan,2026-04-07
https://doctorbd24.com/doctor/dr-rawshan-ara-begum-9896,2026-04-07
https://doctorbd24.com/doctor/prof-dr-parviz-sahidi,2026-04-07
https://doctorbd24.com/doctor/prof-dr-mahenaz-afroz,2026-04-07
https://doctorbd24.com/doctor/dr-md-firoj-hossain-5261,2026-04-07
https://doctorbd24.com/doctor/dr-md-isma-azam-zico-9832,2026-04-07
https://doctorbd24.com/doctor/dr-shanjina-sharmin-mouri-skindermatology,2026-04-07
https://doctorbd24.com/doctor/prof-dr-md-abul-kalam-azad-3852,2026-04-07
https://doctorbd24.com/doctor/prof-dr-muhammad-shahiduzzaman-7023,2026-04-07
https://doctorbd24.com/doctor/dr-muhammad-saiful-islam,2026-04-07
https://doctorbd24.com/doctor/prof-dr-md-mukhlesur-rahman-9906,2026-04-07
https://doctorbd24.com/doctor/dr-beauty-saha-8319,2026-04-07
https://doctorbd24.com/doctor/dr-nandita-paul-2359,2026-04-07
https://doctorbd24.com/doctor/prof-dr-zulfe-ara-haider,2026-04-07
https://doctorbd24.com/doctor/dr-anindya-dasgupta,2026-04-07
https://doctorbd24.com/doctor/prof-dr-md-monimul-haque-evening,2026-04-07
https://doctorbd24.com/doctor/dr-dipannita-dhar-gynaecology,2026-04-07
https://doctorbd24.com/doctor/prof-dr-m-mamun-6197,2026-04-07
https://doctorbd24.com/doctor/dr-md-abdur-rahman-9027,2026-04-07
https://doctorbd24.com/doctor/prof-dr-md-babrul-alam-1419,2026-04-07
https://doctorbd24.com/doctor/prof-dr-md-fakhrul-alam-gastroenterology,2026-04-07
https://doctorbd24.com/doctor/prof-dr-sheikh-md-ekramullah,2026-04-07
https://doctorbd24.com/doctor/prof-dr-md-moniruzzaman-bhuiyan-morning,2026-04-07
https://doctorbd24.com/doctor/dr-md-zakir-hossain-3339,2026-04-07
https://doctorbd24.com/doctor/prof-dr-uttam-karmaker,2026-04-07
https://doctorbd24.com/doctor/dr-sabrina-sudha,2026-04-07
https://doctorbd24.com/doctor/drwasif-chisty-morning,2026-04-07
https://doctorbd24.com/doctor/dr-a-h-m-tharakul-mazid,2026-04-07
https://doctorbd24.com/doctor/dr-mohd-mejbahul-bahar-friday,2026-04-07
https://doctorbd24.com/doctor/dr-s-m-ahmad-abed,2026-04-07
https://doctorbd24.com/doctor/dr-md-mubasshir-hasan,2026-04-07
https://doctorbd24.com/doctor/dr-md-robiul-hoque,2026-04-07
https://doctorbd24.com/doctor/dr-muntasir-faisal-spec,2026-04-07
https://doctorbd24.com/doctor/prof-dr-md-titu-miah-7584,2026-04-07
https://doctorbd24.com/doctor/drabdul-momen,2026-04-07
https://doctorbd24.com/doctor/prof-dr-muhibur-rahman,2026-04-07
https://doctorbd24.com/doctor/prof-dr-anupam-das,2026-04-07
https://doctorbd24.com/doctor/profdrmd-moazzem-hossain,2026-04-07
https://doctorbd24.com/doctor/prof-dr-gobinda-chandra-roy,2026-04-07
https://doctorbd24.com/doctor/dr-kazi-farhana-ahmed,2026-04-07
https://doctorbd24.com/doctor/dr-gopal-chandra-sarker,2026-04-07
https://doctorbd24.com/doctor/dr-ameena-tabassum,2026-04-07
https://doctorbd24.com/doctor/prof-drmohammad-asifuzzaman,2026-04-07
https://doctorbd24.com/doctor/prof-dr-dewan-md-elias-neurology,2026-04-07
https://doctorbd24.com/doctor/dr-dilip-chowdhury,2026-04-07
https://doctorbd24.com/doctor/prof-dr-md-ibrahim-khalil-4157,2026-04-07
https://doctorbd24.com/doctor/dr-muhammad-shakhawat-hossain-endocrinology,2026-04-07
https://doctorbd24.com/doctor/dr-j-i-m-a-harun-5015,2026-04-07
https://doctorbd24.com/doctor/dr-jayashree-pal-2470,2026-04-07
https://doctorbd24.com/doctor/prof-dr-md-golam-kibria,2026-04-07
https://doctorbd24.com/doctor/prof-dr-md-munzur-alahi,2026-04-07
https://doctorbd24.com/doctor/prof-dr-sk-sader-hossain-4649,2026-04-07
https://doctorbd24.com/doctor/prof-dr-anisur-rahman-2222,2026-04-07
https://doctorbd24.com/doctor/prof-dr-bithi-debnath,2026-04-07
https://doctorbd24.com/doctor/prof-dr-md-zahirul-haque,2026-04-07
https://doctorbd24.com/doctor/prof-dr-rowshon-ara,2026-04-07
https://doctorbd24.com/doctor/dr-lt-col-shaila-sharmin,2026-04-07
https://doctorbd24.com/doctor/prof-dr-md-monzurul-haque,2026-04-07
https://doctorbd24.com/doctor/dr-rushmila-ferdous,2026-04-07
https://doctorbd24.com/doctor/dr-md-kamruzzaman-6157,2026-04-07
https://doctorbd24.com/doctor/prof-dr-kazi-manzur-kader-7523,2026-04-07
https://doctorbd24.com/doctor/dr-ma-salam,2026-04-07
https://doctorbd24.com/doctor/prof-dr-md-mostafizur-rahman-medicine,2026-04-07
https://doctorbd24.com/doctor/prof-dr-md-saiful-hoque,2026-04-07
https://doctorbd24.com/doctor/prof-dr-amiruzzaman-sumon,2026-04-07
https://doctorbd24.com/doctor/dr-sm-nazmul-islam,2026-04-07
https://doctorbd24.com/doctor/dr-chowdhury-farhana-tinnee-8953,2026-04-07
https://doctorbd24.com/doctor/prof-dr-shamsun-nahar-lucky-spec,2026-04-07
https://doctorbd24.com/doctor/dr-abdullah-al-mamun-khan-4510,2026-04-07
https://doctorbd24.com/doctor/dr-taslim-chowdhury,2026-04-07
https://doctorbd24.com/doctor/dr-a-k-m-lutful-haque,2026-04-07
https://doctorbd24.com/doctor/prof-dr-parul-akter-gynaecology,2026-04-07
https://doctorbd24.com/doctor/prof-brig-gen-dr-md-abdul-mannan,2026-04-07
https://doctorbd24.com/doctor/dr-saiful-islam-9889,2026-04-07
https://doctorbd24.com/doctor/prof-dr-quamruddin-ahmad-8065,2026-04-07
https://doctorbd24.com/doctor/prof-dr-masuda-khatun,2026-04-07
https://doctorbd24.com/doctor/prof-dr-md-monwarul-abedin-khan,2026-04-07
https://doctorbd24.com/doctor/dr-s-a-jonayed,2026-04-07
https://doctorbd24.com/doctor/dr-rajib-kumar-paul-evening,2026-04-07
https://doctorbd24.com/doctor/dr-ayesha-begum-6806,2026-04-07
https://doctorbd24.com/doctor/prof-dr-md-farid-uddin-morning,2026-04-07
https://doctorbd24.com/doctor/profcol-drmdmizanur-rahman,2026-04-07
https://doctorbd24.com/doctor/dr-sayeef-hossain-khan-mark-7143,2026-04-07
https://doctorbd24.com/doctor/dr-masuda-sultana-gynaecology,2026-04-07
https://doctorbd24.com/doctor/prof-dr-kazi-shahnur-alam-nephrologykidney-medicine,2026-04-07
https://doctorbd24.com/doctor/prof-dr-md-shahjamal-khan-8365,2026-04-07
https://doctorbd24.com/doctor/prof-dr-sadia-armin-khan-4058,2026-04-07
https://doctorbd24.com/doctor/dr-fahmida-sultana-rozi,2026-04-07
https://doctorbd24.com/doctor/dr-md-omar-faruk-9521,2026-04-07
https://doctorbd24.com/doctor/prof-dr-anamur-rashid-choudhury,2026-04-07
https://doctorbd24.com/doctor/dr-jimma-hussein,2026-04-07
https://doctorbd24.com/doctor/prof-dr-md-saiful-hoque-talukder,2026-04-07
https://doctorbd24.com/doctor/dr-md-nazmul-hoque-masum-2967,2026-04-07
https://doctorbd24.com/doctor/dr-ruhul-quddus,2026-04-07
https://doctorbd24.com/doctor/prof-dr-bimol-chandra-roy,2026-04-07
https://doctorbd24.com/doctor/prof-dr-aftab-u-ahmed-morning,2026-04-07
https://doctorbd24.com/doctor/profdrganesh-kumar-agarwala,2026-04-07
https://doctorbd24.com/doctor/dr-prodip-kumar-sarkar-medicine,2026-04-07
https://doctorbd24.com/doctor/prof-dr-md-roushon-ali-evening,2026-04-07
https://doctorbd24.com/doctor/dr-rafat-hassan,2026-04-07
https://doctorbd24.com/doctor/dr-md-shahnewaz-parvez,2026-04-07
https://doctorbd24.com/doctor/dr-pranab-kumar-mallik,2026-04-07
https://doctorbd24.com/doctor/dr-md-abed-billah,2026-04-07
https://doctorbd24.com/doctor/dr-tanzirul-islam-8894,2026-04-07
https://doctorbd24.com/doctor/prof-dr-ariful-islam-5103,2026-04-07
https://doctorbd24.com/doctor/dr-sonia-parvin,2026-04-07
https://doctorbd24.com/doctor/dr-krishnapada-banik-medicine,2026-04-07
https://doctorbd24.com/doctor/prof-dr-monnujan-begum,2026-04-07
https://doctorbd24.com/doctor/dr-golam-mahbub-chowdhury-7299,2026-04-07
https://doctorbd24.com/doctor/prof-dr-rahmatul-bari,2026-04-07
https://doctorbd24.com/doctor/prof-dr-md-fazlul-haque-qasem,2026-04-07
https://doctorbd24.com/doctor/prof-dr-ahm-nur-e-as-sayed,2026-04-07
https://doctorbd24.com/doctor/dr-shayoni-majumder,2026-04-07
https://doctorbd24.com/doctor/prof-dr-happy-haque-hossain,2026-04-07
https://doctorbd24.com/doctor/prof-dr-md-rezaul-bari,2026-04-07
https://doctorbd24.com/doctor/prof-dr-sm-ahsan-habib-6401,2026-04-07
https://doctorbd24.com/doctor/prof-dr-debashis-biswas-9200,2026-04-07
https://doctorbd24.com/doctor/dr-mukul-chandra-nath,2026-04-07
https://doctorbd24.com/doctor/dr-ismat-rafeya-4167,2026-04-07
https://doctorbd24.com/doctor/prof-dr-md-sanaul-haque-evening,2026-04-07
https://doctorbd24.com/doctor/prof-dr-aleya-khatun,2026-04-07
https://doctorbd24.com/doctor/prof-dr-homayra-tahseen-hossain-spec,2026-04-07
https://doctorbd24.com/doctor/prof-dr-md-khairul-anam,2026-04-07
https://doctorbd24.com/doctor/prof-dr-chowdhury-meshkat-ahmed-5485,2026-04-07
https://doctorbd24.com/doctor/dr-tahmina-begum,2026-04-07
https://doctorbd24.com/doctor/dr-sm-shiam-hasan,2026-04-07
https://doctorbd24.com/doctor/dr-aditi-das,2026-04-07
https://doctorbd24.com/doctor/prof-dr-md-khurshed-alam,2026-04-07
https://doctorbd24.com/doctor/prof-dr-md-aminur-rahman,2026-04-07
https://doctorbd24.com/doctor/dr-khandokar-md-arif-hasnat,2026-04-07
https://doctorbd24.com/doctor/dr-abdullah-al-mamun-paediatric-surgery,2026-04-07
https://doctorbd24.com/doctor/drmdrasel-bhuiya,2026-04-07
https://doctorbd24.com/doctor/profdrtayob-ali,2026-04-07
https://doctorbd24.com/doctor/dr-nripati-ballov-ray-tamal,2026-04-07
https://doctorbd24.com/doctor/prof-brigadier-generalretd-dr-md-niyamul-gani-chowdhury-gastroenterology,2026-04-07
https://doctorbd24.com/doctor/dr-md-humayun-kabir-9328,2026-04-07
https://doctorbd24.com/doctor/dr-saima-sultana-gynaecology,2026-04-07
https://doctorbd24.com/doctor/dr-md-anisuzzaman,2026-04-07
https://doctorbd24.com/doctor/dr-md-shahidul-islam-4146,2026-04-07
https://doctorbd24.com/doctor/dr-nahida-naznin,2026-04-07
https://doctorbd24.com/doctor/dr-sadia-amin,2026-04-07
https://doctorbd24.com/doctor/prof-dr-ratan-chandra-saha-2167,2026-04-07
https://doctorbd24.com/doctor/prof-dr-kazi-a-karim-4944,2026-04-07
https://doctorbd24.com/doctor/prof-drmala-banik,2026-04-07
https://doctorbd24.com/doctor/dr-alhazz-kamrunnahar-gynaecology,2026-04-07
https://doctorbd24.com/doctor/dr-sumon-dhar-nephrologykidney-medicine,2026-04-07
https://doctorbd24.com/doctor/prof-col-dr-md-abdul-hye-manik,2026-04-07
https://doctorbd24.com/doctor/dr-hamid-hassan,2026-04-07
https://doctorbd24.com/doctor/drmanash-chandro-sarkar,2026-04-07
https://doctorbd24.com/doctor/dr-rezaul-haque-3975,2026-04-07
https://doctorbd24.com/doctor/prof-dr-tohid-md-saiful-hossain-dipu,2026-04-07
https://doctorbd24.com/doctor/prof-dr-anowarul-azim,2026-04-07
https://doctorbd24.com/doctor/dr-c-k-pramanik,2026-04-07
https://doctorbd24.com/doctor/prof-dr-monaim-hossen-8643,2026-04-07
https://doctorbd24.com/doctor/prof-dr-ranjit-kumar-banik-gastroenterology,2026-04-07
https://doctorbd24.com/doctor/dr-sabrina-rahman-snigdha-2237,2026-04-07
https://doctorbd24.com/doctor/dr-shirsendu-shaha,2026-04-07
https://doctorbd24.com/doctor/prof-dr-md-zulfikar-hossen-khan-morning-skindermatology,2026-04-07
https://doctorbd24.com/doctor/prof-dr-md-asadul-kabir,2026-04-07
https://doctorbd24.com/doctor/prof-dr-ms-johirul-haque-chowdhury,2026-04-07
https://doctorbd24.com/doctor/prof-dr-kc-ganguly-md,2026-04-07
https://doctorbd24.com/doctor/dr-koli-rani-sarker,2026-04-07
https://doctorbd24.com/doctor/prof-dr-biswas-akhtar-hossain-9805,2026-04-07
https://doctorbd24.com/doctor/prof-dr-md-khairul-kabir,2026-04-07
https://doctorbd24.com/doctor/dr-mohammad-sharif-hossain-moeen,2026-04-07
https://doctorbd24.com/doctor/dr-lilian-catherene-gomes,2026-04-07
https://doctorbd24.com/doctor/profdrtowhidul-islam-chowdhury,2026-04-07
https://doctorbd24.com/doctor/dr-nahid-akter,2026-04-07
https://doctorbd24.com/doctor/dr-sohel-mridha,2026-04-07
https://doctorbd24.com/doctor/prof-dr-muhammad-mahbub-hussain-4960,2026-04-07
https://doctorbd24.com/doctor/dr-hashiba-moontaha-priom,2026-04-07
https://doctorbd24.com/doctor/prof-dr-md-zillur-rahman-bhuiyan,2026-04-07
https://doctorbd24.com/doctor/prof-dr-anamur-rashid-chowdhury,2026-04-07
https://doctorbd24.com/doctor/prof-dr-kaniz-fatema-9293,2026-04-07
https://doctorbd24.com/doctor/prof-dr-a-t-m-aman-ullah-6694,2026-04-07
https://doctorbd24.com/doctor/prof-dr-sazzad-hossin,2026-04-07
https://doctorbd24.com/doctor/prof-dr-kanak-kanti-barua-1768,2026-04-07
https://doctorbd24.com/doctor/prof-dr-maliha-hakim,2026-04-07
https://doctorbd24.com/doctor/dr-nirupom-mondal-8145,2026-04-07
https://doctorbd24.com/doctor/dr-muntasir-faisal,2026-04-07
https://doctorbd24.com/doctor/prof-dr-mohammad-younus,2026-04-07
https://doctorbd24.com/doctor/dr-saima-ahmed-remi,2026-04-07
https://doctorbd24.com/doctor/prof-dr-shahidul-islam-sugom-new,2026-04-07
https://doctorbd24.com/doctor/prof-dr-md-a-f-m-momtazul-haque,2026-04-07
https://doctorbd24.com/doctor/prof-dr-a-b-m-mobasher-alam-suja,2026-04-07
https://doctorbd24.com/doctor/dr-md-shaidul-anam,2026-04-07
https://doctorbd24.com/doctor/prof-dr-bhaskar-saha-evening,2026-04-07
https://doctorbd24.com/doctor/dr-priyanka-bhattacherjee,2026-04-07
https://doctorbd24.com/doctor/dr-md-rajibur-rahman,2026-04-07
https://doctorbd24.com/doctor/prof-dr-md-shawkat-hossain,2026-04-07
https://doctorbd24.com/doctor/dr-some-rose-pervin-rinku,2026-04-07
https://doctorbd24.com/doctor/prof-dr-gouranga-kumar-saha-6835,2026-04-07
https://doctorbd24.com/doctor/dr-mk-sarkar,2026-04-07
https://doctorbd24.com/doctor/dr-md-riaz-mridha-6818,2026-04-07
https://doctorbd24.com/doctor/dr-uma-nag,2026-04-07
https://doctorbd24.com/doctor/dr-mohammad-azim-uddin-hira,2026-04-07
https://doctorbd24.com/doctor/dr-md-humayon-kabir,2026-04-07
https://doctorbd24.com/doctor/drrowshan-ara-begum,2026-04-07
https://doctorbd24.com/doctor/dr-mehrose-alam-chowdhury-7517,2026-04-07
https://doctorbd24.com/doctor/drgopal-chandra-majumdar,2026-04-07
https://doctorbd24.com/doctor/dr-tania-ahmed,2026-04-07
https://doctorbd24.com/doctor/prof-dr-delowar-hossain-childpaediatric-morning,2026-04-07
https://doctorbd24.com/doctor/prof-dr-monirul-islam-9177,2026-04-07
https://doctorbd24.com/doctor/dr-tomiz-chowdhury,2026-04-07
https://doctorbd24.com/doctor/dr-shamsuddin-ahmed-sumon-general-surgery,2026-04-07
https://doctorbd24.com/doctor/prof-dr-md-akram-hossain-5369,2026-04-07
https://doctorbd24.com/doctor/dr-md-sazzad-hossain-shawon,2026-04-07
https://doctorbd24.com/doctor/dr-sharmina-afrin,2026-04-07
https://doctorbd24.com/doctor/prof-dr-azm-mosiul-azam,2026-04-07
https://doctorbd24.com/doctor/dr-ifrad-md-zovair-zarzis,2026-04-07
https://doctorbd24.com/doctor/dr-fayem-chowdhury-sony-4763,2026-04-07
https://doctorbd24.com/doctor/dr-afroza-sultana,2026-04-07
https://doctorbd24.com/doctor/profdrmohammed-ismail,2026-04-07
https://doctorbd24.com/doctor/prof-dr-delwar-hossain,2026-04-07
https://doctorbd24.com/doctor/dr-farzana-akter-bithi,2026-04-07
https://doctorbd24.com/doctor/prof-dr-nupur-kar-morning,2026-04-07
https://doctorbd24.com/doctor/dr-mdtowfiqul-islam-milon,2026-04-07
https://doctorbd24.com/doctor/dr-ummy-salma-munni,2026-04-07
https://doctorbd24.com/doctor/dr-ajm-musaddeque-reza-ripon,2026-04-07
https://doctorbd24.com/doctor/prof-dr-md-kutub-uddin-mollick,2026-04-07
https://doctorbd24.com/doctor/profdrmdzakirul-islam-juwel,2026-04-07
https://doctorbd24.com/doctor/prof-dr-md-zaid-hossain,2026-04-07
https://doctorbd24.com/doctor/prof-dr-md-tofayel-hossain-biplob,2026-04-07
https://doctorbd24.com/doctor/dr-nibedita-ray-dola,2026-04-07
https://doctorbd24.com/doctor/drmily-dey,2026-04-07
https://doctorbd24.com/doctor/dr-sopan-chandra-deb-nath,2026-04-07
https://doctorbd24.com/doctor/dr-md-mahfuzur-rahman-sagar-urology-surgery,2026-04-07
https://doctorbd24.com/doctor/prof-dr-devendra-nath-sarkar-6287,2026-04-07
https://doctorbd24.com/doctor/dr-md-selim-sarkar,2026-04-07
https://doctorbd24.com/doctor/dr-kum-shamsun-naher,2026-04-07
https://doctorbd24.com/doctor/prof-dr-bhabani-prasad-roy-cardiology,2026-04-07
https://doctorbd24.com/doctor/prof-dr-brig-gen-md-abdur-razzak,2026-04-07